agency,bureau,topic
400 Years of African-American History Commission,,GeneralGovernment
Access Board,,GeneralGovernment
Administrative Conference of the United States,,ScienceAndTechnology
Advisory Council on Historic Preservation,,GeneralGovernment
Affordable Housing Program,,GeneralGovernment
Alyce Spotted Bear and Walter Soboleff Commission on Native Children,,GeneralGovernment
Appalachian Regional Commission,,GeneralGovernment
Barry Goldwater Scholarship and Excellence in Education Foundation,,GeneralGovernment
Bureau of Consumer Financial Protection,,CyberSecurity
Central Intelligence Agency,,IntelligenceCommunity
Chemical Safety and Hazard Investigation Board,,GeneralGovernment
Civil Rights Cold Case Records Review Board,,GeneralGovernment
Commission of Fine Arts,,GeneralGovernment
Commission on Civil Rights,,GeneralGovernment
Commission on Combating Synthetic Opioid Trafficking,,GeneralGovernment
Committee for Purchase from People who are Blind or Severely Disabled,,GeneralGovernment
Commodity Futures Trading Commission,,GeneralGovernment
Consumer Product Safety Commission,,GeneralGovernment
Corporation for National and Community Service,,GeneralGovernment
Corporation for Public Broadcasting,,GeneralGovernment
Corporation for Travel Promotion,,GeneralGovernment
Corps of Engineers--Civil Works,,DefenseAndMilitary
Council of the Inspectors General on Integrity and Efficiency,,GeneralGovernment
Court Services and Offender Supervision Agency for the District of Columbia,,GeneralGovernment
Defense Nuclear Facilities Safety Board,,DefenseAndMilitary
Delta Regional Authority,,GeneralGovernment
Denali Commission,,GeneralGovernment
Department of Agriculture,Agricultural Marketing Service,HealthAndEnvironment
Department of Agriculture,Agricultural Research Service,ScienceAndTechnology
Department of Agriculture,Animal and Plant Health Inspection Service,HealthAndEnvironment
Department of Agriculture,Buildings and Facilities,HealthAndEnvironment
Department of Agriculture,Department of Agriculture,HealthAndEnvironment
Department of Agriculture,Economic Research Service,ScienceAndTechnology
Department of Agriculture,Executive Operations,HealthAndEnvironment
Department of Agriculture,Farm Production and Conservation,HealthAndEnvironment
Department of Agriculture,Farm Service Agency,HealthAndEnvironment
Department of Agriculture,Food and Nutrition Service,HealthAndEnvironment
Department of Agriculture,Food Safety and Inspection Service,HealthAndEnvironment
Department of Agriculture,Foreign Agricultural Service,HealthAndEnvironment
Department of Agriculture,Forest Service,HealthAndEnvironment
Department of Agriculture,"Grain Inspection, Packers and Stockyards Administration",ScienceAndTechnology
Department of Agriculture,Hazardous Materials Management,HealthAndEnvironment
Department of Agriculture,National Agricultural Statistics Service,HealthAndEnvironment
Department of Agriculture,National Institute of Food and Agriculture,HealthAndEnvironment
Department of Agriculture,Natural Resources Conservation Service,HealthAndEnvironment
Department of Agriculture,Office of Chief Financial Officer,CyberSecurity
Department of Agriculture,Office of Chief Information Officer,HealthAndEnvironment
Department of Agriculture,Office of Civil Rights,HealthAndEnvironment
Department of Agriculture,Office of Inspector General,HealthAndEnvironment
Department of Agriculture,Office of the General Counsel,HealthAndEnvironment
Department of Agriculture,Office of the Secretary,FinanceAndEconomy
Department of Agriculture,Risk Management Agency,HealthAndEnvironment
Department of Agriculture,Rural Business-Cooperative Service,HealthAndEnvironment
Department of Agriculture,Rural Development,HealthAndEnvironment
Department of Agriculture,Rural Housing Service,HealthAndEnvironment
Department of Agriculture,Rural Utilities Service,HealthAndEnvironment
Department of Commerce,Bureau of Economic Analysis,HealthAndEnvironment
Department of Commerce,Bureau of Industry and Security,FinanceAndEconomy
Department of Commerce,Bureau of the Census,HealthAndEnvironment
Department of Commerce,Department of Commerce,HealthAndEnvironment
Department of Commerce,Departmental Management,HealthAndEnvironment
Department of Commerce,Economic Development Administration,ScienceAndTechnology
Department of Commerce,International Trade Administration,ScienceAndTechnology
Department of Commerce,Minority Business Development Agency,HealthAndEnvironment
Department of Commerce,National Institute of Standards and Technology,ScienceAndTechnology
Department of Commerce,National Oceanic and Atmospheric Administration,ScienceAndTechnology
Department of Commerce,National Technical Information Service,HealthAndEnvironment
Department of Commerce,National Telecommunications and Information Administration,ScienceAndTechnology
Department of Commerce,U.S. Patent and Trademark Office,ScienceAndTechnology
Department of Defense,"Navy, Marine Corps",DefenseAndMilitary
Department of Defense,Army,DefenseAndMilitary
Department of Defense,Air Force,DefenseAndMilitary
Department of Defense,Defense-wide,DefenseAndMilitary
Department of Education,Department of Education,HealthAndEnvironment
Department of Education,Departmental Management,HealthAndEnvironment
Department of Education,Disaster Education Recovery,PublicSafety
Department of Education,Institute of Education Sciences,HealthAndEnvironment
Department of Education,"Office of Career, Technical, and Adult Education",HealthAndEnvironment
Department of Education,Office of Elementary and Secondary Education,FinanceAndEconomy
Department of Education,Office of English Language Acquisition,HealthAndEnvironment
Department of Education,Office of Federal Student Aid,HealthAndEnvironment
Department of Education,Office of Innovation and Improvement,ScienceAndTechnology
Department of Education,Office of Postsecondary Education,FinanceAndEconomy
Department of Education,Office of Special Education and Rehabilitative Services,CyberSecurity
Department of Energy,Department of Energy,ScienceAndTechnology
Department of Energy,Departmental Administration,ScienceAndTechnology
Department of Energy,Energy Programs,ScienceAndTechnology
Department of Energy,Environmental and Other Defense Activities,DefenseAndMilitary
Department of Energy,National Nuclear Security Administration,ScienceAndTechnology
Department of Energy,Power Marketing Administration,ScienceAndTechnology
Department of Health and Human Services,Administration for Children and Families,ScienceAndTechnology
Department of Health and Human Services,Administration for Community Living,ScienceAndTechnology
Department of Health and Human Services,Administration for Strategic Preparedness and Response,PublicSafety
Department of Health and Human Services,Agency for Healthcare Research and Quality,ScienceAndTechnology
Department of Health and Human Services,Allowances,HealthAndEnvironment
Department of Health and Human Services,Centers for Disease Control and Prevention,HealthAndEnvironment
Department of Health and Human Services,Centers for Medicare and Medicaid Services,HealthAndEnvironment
Department of Health and Human Services,Department of Health and Human Services,HealthAndEnvironment
Department of Health and Human Services,Departmental Management,HealthAndEnvironment
Department of Health and Human Services,Food and Drug Administration,ScienceAndTechnology
Department of Health and Human Services,Health Resources and Services Administration,ScienceAndTechnology
Department of Health and Human Services,Indian Health Service,IntelligenceCommunity
Department of Health and Human Services,National Institutes of Health,HealthAndEnvironment
Department of Health and Human Services,Office of the Inspector General,HealthAndEnvironment
Department of Health and Human Services,Program Support Center,HealthAndEnvironment
Department of Health and Human Services,Substance Abuse and Mental Health Services Administration,ScienceAndTechnology
Department of Homeland Security,Analysis and Operations,PublicSafety
Department of Homeland Security,Citizenship and Immigration Services,PublicSafety
Department of Homeland Security,Countering Weapons of Mass Destruction Office,PublicSafety
Department of Homeland Security,Cybersecurity and Infrastructure Security Agency,CyberSecurity
Department of Homeland Security,Department of Homeland Security,PublicSafety
Department of Homeland Security,Federal Emergency Management Agency,PublicSafety
Department of Homeland Security,Federal Law Enforcement Training Center,JusticeAndLaw
Department of Homeland Security,Management Directorate,PublicSafety
Department of Homeland Security,Office of Health Affairs,PublicSafety
Department of Homeland Security,Office of the Inspector General,PublicSafety
Department of Homeland Security,Office of the Secretary and Executive Management,PublicSafety
Department of Homeland Security,Science and Technology,PublicSafety
Department of Homeland Security,Transportation Security Administration,PublicSafety
Department of Homeland Security,U.S. Customs and Border Protection,PublicSafety
Department of Homeland Security,U.S. Immigration and Customs Enforcement,PublicSafety
Department of Homeland Security,United States Coast Guard,PublicSafety
Department of Homeland Security,United States Secret Service,CyberSecurity
Department of Housing and Urban Development,Community Planning and Development,HealthAndEnvironment
Department of Housing and Urban Development,Department of Housing and Urban Development,HealthAndEnvironment
Department of Housing and Urban Development,Fair Housing and Equal Opportunity,HealthAndEnvironment
Department of Housing and Urban Development,Government National Mortgage Association,CyberSecurity
Department of Housing and Urban Development,Housing Programs,HealthAndEnvironment
Department of Housing and Urban Development,Housing Supply,HealthAndEnvironment
Department of Housing and Urban Development,Management and Administration,ScienceAndTechnology
Department of Housing and Urban Development,Office of Lead Hazard Control and Healthy Homes,HealthAndEnvironment
Department of Housing and Urban Development,Policy Development and Research,ScienceAndTechnology
Department of Housing and Urban Development,Public and Indian Housing Programs,IntelligenceCommunity
Department of Justice,"Bureau of Alcohol, Tobacco, Firearms, and Explosives",JusticeAndLaw
Department of Justice,Department of Justice,JusticeAndLaw
Department of Justice,Drug Enforcement Administration,JusticeAndLaw
Department of Justice,Federal Bureau of Investigation,JusticeAndLaw
Department of Justice,Federal Prison System,JusticeAndLaw
Department of Justice,General Administration,JusticeAndLaw
Department of Justice,Interagency Law Enforcement,JusticeAndLaw
Department of Justice,Legal Activities and U.S. Marshals,JusticeAndLaw
Department of Justice,National Security Division,JusticeAndLaw
Department of Justice,Office of Justice Programs,JusticeAndLaw
Department of Justice,Radiation Exposure Compensation,CyberSecurity
Department of Justice,United States Parole Commission,JusticeAndLaw
Department of Labor,Bureau of Labor Statistics,HealthAndEnvironment
Department of Labor,Department of Labor,HealthAndEnvironment
Department of Labor,Departmental Management,HealthAndEnvironment
Department of Labor,Employee Benefits Security Administration,ScienceAndTechnology
Department of Labor,Employment and Training Administration,ScienceAndTechnology
Department of Labor,Mine Safety and Health Administration,ScienceAndTechnology
Department of Labor,Occupational Safety and Health Administration,ScienceAndTechnology
Department of Labor,Office of Disability Employment policy,HealthAndEnvironment
Department of Labor,Office of Federal Contract Compliance Programs,HealthAndEnvironment
Department of Labor,Office of Labor Management Standards,ScienceAndTechnology
Department of Labor,Office of Workers' Compensation Programs,CyberSecurity
Department of Labor,Pension Benefit Guaranty Corporation,HealthAndEnvironment
Department of Labor,Veterans' Employment and Training Service,HealthAndEnvironment
Department of Labor,Wage and Hour Division,HealthAndEnvironment
Department of State,Administration of Foreign Affairs,ScienceAndTechnology
Department of State,"Department of State    ,",HealthAndEnvironment
Department of State,International Commissions,HealthAndEnvironment
Department of State,International Organizations and Conferences,HealthAndEnvironment
Department of State,Other,HealthAndEnvironment
Department of the Interior,Bureau of Indian Affairs,IntelligenceCommunity
Department of the Interior,Bureau of Indian Education,IntelligenceCommunity
Department of the Interior,Bureau of Land Management,HealthAndEnvironment
Department of the Interior,Bureau of Ocean Energy Management,ScienceAndTechnology
Department of the Interior,Bureau of Reclamation,HealthAndEnvironment
Department of the Interior,Bureau of Safety and Environmental Enforcement,HealthAndEnvironment
Department of the Interior,Bureau of Trust Funds Administration,ScienceAndTechnology
Department of the Interior,Central Utah Project,HealthAndEnvironment
Department of the Interior,Department of the Interior,HealthAndEnvironment
Department of the Interior,Department-Wide Programs,HealthAndEnvironment
Department of the Interior,Departmental Offices,HealthAndEnvironment
Department of the Interior,Insular Affairs,FinanceAndEconomy
Department of the Interior,National Indian Gaming Commission,IntelligenceCommunity
Department of the Interior,National Park Service,HealthAndEnvironment
Department of the Interior,Office of Inspector General,HealthAndEnvironment
Department of the Interior,Office of Surface Mining Reclamation and Enforcement,HealthAndEnvironment
Department of the Interior,Office of the Solicitor,HealthAndEnvironment
Department of the Interior,Office of the Special Trustee for American Indians,CyberSecurity
Department of the Interior,United States Fish and Wildlife Service,HealthAndEnvironment
Department of the Interior,United States Geological Survey,ScienceAndTechnology
Department of the Treasury,Alcohol and Tobacco Tax and Trade Bureau,FinanceAndEconomy
Department of the Treasury,Bureau of Engraving and Printing,FinanceAndEconomy
Department of the Treasury,Comptroller of the Currency,FinanceAndEconomy
Department of the Treasury,Department of the Treasury,FinanceAndEconomy
Department of the Treasury,Departmental Offices,FinanceAndEconomy
Department of the Treasury,Federal Financing Bank,FinanceAndEconomy
Department of the Treasury,Financial Crimes Enforcement Network,CyberSecurity
Department of the Treasury,Fiscal Service,FinanceAndEconomy
Department of the Treasury,Interest on the Public Debt,FinanceAndEconomy
Department of the Treasury,Internal Revenue Service,FinanceAndEconomy
Department of the Treasury,United States Mint,FinanceAndEconomy
Department of Transportation,Department of Transportation,HealthAndEnvironment
Department of Transportation,Federal Aviation Administration,ScienceAndTechnology
Department of Transportation,Federal Highway Administration,ScienceAndTechnology
Department of Transportation,Federal Motor Carrier Safety Administration,ScienceAndTechnology
Department of Transportation,Federal Railroad Administration,ScienceAndTechnology
Department of Transportation,Federal Transit Administration,ScienceAndTechnology
Department of Transportation,Maritime Administration,ScienceAndTechnology
Department of Transportation,National Highway Traffic Safety Administration,ScienceAndTechnology
Department of Transportation,Office of Inspector General,HealthAndEnvironment
Department of Transportation,Office of the Secretary,FinanceAndEconomy
Department of Transportation,Pipeline and Hazardous Materials Safety Administration,ScienceAndTechnology
Department of Transportation,Saint Lawrence Seaway Development Corporation,HealthAndEnvironment
Department of Transportation,Surface Transportation Board,HealthAndEnvironment
Department of Veterans Affairs,Benefits Programs,FinanceAndEconomy
Department of Veterans Affairs,Department of Veterans Affairs,FinanceAndEconomy
Department of Veterans Affairs,Departmental Administration,ScienceAndTechnology
Department of Veterans Affairs,Veterans Health Administration,ScienceAndTechnology
District of Columbia,District of Columbia Courts,JusticeAndLaw
District of Columbia,District of Columbia Courts,JusticeAndLaw
District of Columbia,District of Columbia General and Special Payments,CyberSecurity
Election Assistance Commission,,GeneralGovernment
Electric Reliability Organization,,GeneralGovernment
Environmental Protection Agency,,HealthAndEnvironment
Equal Employment Opportunity Commission,,GeneralGovernment
Executive Office of the President,Council of Economic Advisers,GeneralGovernment
Executive Office of the President,Council on Environmental Quality,HealthAndEnvironment
Executive Office of the President,Department of Government Efficiency,HealthAndEnvironment
Executive Office of the President,Executive Residence,GeneralGovernment
Executive Office of the President,National Security Council,FinanceAndEconomy
Executive Office of the President,National Space Council,GeneralGovernment
Executive Office of the President,Office of Administration,ScienceAndTechnology
Executive Office of the President,Office of Management and Budget,FinanceAndEconomy
Executive Office of the President,Office of National Drug Control Policy,GeneralGovernment
Executive Office of the President,Office of Pandemic Preparedness and Response Policy,PublicSafety
Executive Office of the President,Office of Science and Technology Policy,ScienceAndTechnology
Executive Office of the President,Office of the Intellectual Property Enforcement Coordinator,GeneralGovernment
Executive Office of the President,Office of the National Cyber Director,CyberSecurity
Executive Office of the President,Office of the United States Trade Representative,FinanceAndEconomy
Executive Office of the President,Office of the Vice President,GeneralGovernment
Executive Office of the President,President's Intelligence Advisory Board,IntelligenceCommunity
Executive Office of the President,White House Office,GeneralGovernment
Export-Import Bank of the United States,,GeneralGovernment
Farm Credit Administration,,ScienceAndTechnology
Farm Credit System,,GeneralGovernment
Farm Credit System Insurance Corporation,,GeneralGovernment
Federal Communications Commission,,GeneralGovernment
Federal Deposit Insurance Corporation,,GeneralGovernment
Federal Drug Control Programs,,GeneralGovernment
Federal Election Commission,,GeneralGovernment
Federal Financial Institutions Examination Council,,CyberSecurity
Federal Financial Institutions Examination Council Appraisal Subcommittee,,CyberSecurity
Federal Home Loan Bank System,,GeneralGovernment
Federal Home Loan Mortgage Corporation,,GeneralGovernment
Federal Housing Finance Agency,,GeneralGovernment
Federal Labor Relations Authority,,GeneralGovernment
Federal Maritime Commission,,TransportAndInfrastructure
Federal Mediation and Conciliation Service,,IntelligenceCommunity
Federal Mine Safety and Health Review Commission,,HealthAndEnvironment
Federal National Mortgage Association,,CyberSecurity
Federal Permitting Improvement Council,,GeneralGovernment
Federal Retirement Thrift Investment Board,,GeneralGovernment
Federal Trade Commission,,FinanceAndEconomy
Financing Vehicles and the Board of Governors of the Federal Reserve,,FinanceAndEconomy
General Services Administration,,ScienceAndTechnology
Great Lakes Authority,,GeneralGovernment
Gulf Coast Ecosystem Restoration Council,,PublicSafety
Harry S Truman Scholarship Foundation,,GeneralGovernment
Independent Payment Advisory Board,,GeneralGovernment
Indian Law and Order Commission,,IntelligenceCommunity
Institute of American Indian and Alaska Native Culture and Arts Development,,IntelligenceCommunity
Institute of Museum and Library Services,,GeneralGovernment
Intelligence Community Management Account,,IntelligenceCommunity
African Development Foundation,,GeneralGovernment
Agency for International Development,,GeneralGovernment
Foreign Assistance Program Allowances,,GeneralGovernment
Inter-American Foundation,,GeneralGovernment
International Assistance Programs,,GeneralGovernment
International Monetary Programs,,GeneralGovernment
International Security Assistance,,FinanceAndEconomy
Military Sales Program,,DefenseAndMilitary
Millennium Challenge Corporation,,GeneralGovernment
Multilateral Assistance,,GeneralGovernment
Overseas Private Investment Corporation,,GeneralGovernment
Peace Corps,,GeneralGovernment
Trade and Development Agency,,FinanceAndEconomy
United States International Development Finance Corporation,,GeneralGovernment
Administrative Office of the U.S. Courts,,JusticeAndLaw
"Courts of Appeals, District Courts, and Other Judicial Services",,CyberSecurity
Federal Judicial Center,,CyberSecurity
Judicial Branch,,CyberSecurity
Judicial Retirement Funds,,CyberSecurity
Supreme Court of the United States,,GeneralGovernment
United States Court of Appeals for the Federal Circuit,,GeneralGovernment
United States Court of International Trade,,FinanceAndEconomy
United States Sentencing Commission,,JusticeAndLaw
Architect of the Capitol,,GeneralGovernment
Botanic Garden,,GeneralGovernment
Capitol Police,,GeneralGovernment
Congressional Budget Office,,FinanceAndEconomy
Government Accountability Office,,GeneralGovernment
Government Publishing Office,,GeneralGovernment
House of Representatives,,GeneralGovernment
Joint Items,,GeneralGovernment
Legislative Branch Boards and Commissions,,GeneralGovernment
Library of Congress,,GeneralGovernment
Office of Congressional Workplace Rights,,GeneralGovernment
Senate,,GeneralGovernment
United States Tax Court,,GeneralGovernment
American Battle Monuments Commission,,GeneralGovernment
Armed Forces Retirement Home,,GeneralGovernment
Cemeterial Expenses,,GeneralGovernment
Educational Benefits,,GeneralGovernment
"Forest and Wildlife Conservation, Military Reservations",,DefenseAndMilitary
Military Retirement,,DefenseAndMilitary
Other Defense Civil Programs,,DefenseAndMilitary
Retiree Health Care,,HealthAndEnvironment
Selective Service System,,GeneralGovernment
Patient-Centered Outcomes Research Trust Fund,,ScienceAndTechnology
Postal Service,,GeneralGovernment
Presidio Trust,,GeneralGovernment
Privacy and Civil Liberties Oversight Board,,GeneralGovernment
Public Buildings Reform Board,,GeneralGovernment
Public Company Accounting Oversight Board,,GeneralGovernment
Public Defender Service for the District of Columbia,,GeneralGovernment
Puerto Rico Oversight Board,,GeneralGovernment
Railroad Retirement Board,,TransportAndInfrastructure
Recovery Act Accountability and Transparency Board,,GeneralGovernment
Securities and Exchange Commission,,FinanceAndEconomy
Securities Investor Protection Corporation,,FinanceAndEconomy
Small Business Administration,,ScienceAndTechnology
Smithsonian Institution,,GeneralGovernment
Social Security Administration,,CyberSecurity
Southeast Crescent Regional Commission,,GeneralGovernment
Southwest Border Regional Commission,,PublicSafety
Standard Setting Body,,GeneralGovernment
State Justice Institute,,JusticeAndLaw
Surface Transportation Board,,TransportAndInfrastructure
Tennessee Valley Authority,,GeneralGovernment
United Mine Workers of America Benefit Funds,,GeneralGovernment
United States Agency for Global Media,,IntelligenceCommunity
United States Court of Appeals for Veterans Claims,,GeneralGovernment
United States Enrichment Corporation Fund,,GeneralGovernment
United States Holocaust Memorial Museum,,GeneralGovernment
United States Institute of Peace,,GeneralGovernment
United States Interagency Council on Homelessness,,GeneralGovernment
Vietnam Education Foundation,,GeneralGovernment
,,GeneralGovernment
